SeasonType,Season,Week,Name,ShortName,StartDate,EndDate,ApiSeason,ApiWeek
4,2002,,Offseason,Offseason,2002-03-16T00:00:00,2002-09-03T23:59:59,2002REG,
1,2002,-1,Week 1,Week 1,2002-09-04T00:00:00,2002-09-10T23:59:59,2002REG,-1
1,2002,2,Week 2,Week 2,2002-09-11T00:00:00,2002-09-17T23:59:59,2002REG,2
1,2002,3,Week 3,Week 3,2002-09-18T00:00:00,2002-09-24T23:59:59,2002REG,3
1,2002,4,Week 4,Week 4,2002-09-25T00:00:00,2002-10-01T23:59:59,2002REG,4
1,2002,5,Week 5,Week 5,2002-10-02T00:00:00,2002-10-08T23:59:59,2002REG,5
1,2002,6,Week 6,Week 6,2002-10-09T00:00:00,2002-10-15T23:59:59,2002REG,6
1,2002,7,Week 7,Week 7,2002-10-16T00:00:00,2002-10-22T23:59:59,2002REG,7
1,2002,8,Week 8,Week 8,2002-10-23T00:00:00,2002-10-29T23:59:59,2002REG,8
1,2002,9,Week 9,Week 9,2002-10-30T00:00:00,2002-11-05T23:59:59,2002REG,9
1,2002,10,Week 10,Week 10,2002-11-06T00:00:00,2002-11-12T23:59:59,2002REG,10
1,2002,11,Week 11,Week 11,2002-11-13T00:00:00,2002-11-19T23:59:59,2002REG,11
1,2002,12,Week 12,Week 12,2002-11-20T00:00:00,2002-11-26T23:59:59,2002REG,12
1,2002,13,Week 13,Week 13,2002-11-27T00:00:00,2002-12-03T23:59:59,2002REG,13
1,2002,14,Week 14,Week 14,2002-12-04T00:00:00,2002-12-10T23:59:59,2002REG,14
1,2002,15,Week 15,Week 15,2002-12-11T00:00:00,2002-12-17T23:59:59,2002REG,15
1,2002,16,Week 16,Week 16,2002-12-18T00:00:00,2002-12-24T23:59:59,2002REG,16
1,2002,17,Week 17,Week 17,2002-12-25T00:00:00,2002-12-30T23:59:59,2002REG,17
3,2002,1,Wild Card,Wild Card,2002-12-31T00:00:00,2003-01-06T23:59:59,2002POST,1
3,2002,2,Divisional Playoffs,Divisional,2003-01-07T00:00:00,2003-01-13T23:59:59,2002POST,2
3,2002,3,Conference Championships,Conference,2003-01-14T00:00:00,2003-01-20T23:59:59,2002POST,3
3,2002,4,Super Bowl XXXVII,Super Bowl,2003-01-21T00:00:00,2003-03-14T23:59:59,2002POST,4
4,2002,,End of League Year,End of League Year,2003-03-15T00:00:00,2003-03-15T23:59:59,2002REG,
4,2003,,Offseason,Offseason,2003-03-16T00:00:00,2003-09-02T23:59:59,2003REG,
1,2003,1,Week 1,Week 1,2003-09-03T00:00:00,2003-09-09T23:59:59,2003REG,1
1,2003,2,Week 2,Week 2,2003-09-10T00:00:00,2003-09-16T23:59:59,2003REG,2
1,2003,3,Week 3,Week 3,2003-09-17T00:00:00,2003-09-23T23:59:59,2003REG,3
1,2003,4,Week 4,Week 4,2003-09-24T00:00:00,2003-09-30T23:59:59,2003REG,4
1,2003,5,Week 5,Week 5,2003-10-01T00:00:00,2003-10-07T23:59:59,2003REG,5
1,2003,6,Week 6,Week 6,2003-10-08T00:00:00,2003-10-14T23:59:59,2003REG,6
1,2003,7,Week 7,Week 7,2003-10-15T00:00:00,2003-10-21T23:59:59,2003REG,7
1,2003,8,Week 8,Week 8,2003-10-22T00:00:00,2003-10-28T23:59:59,2003REG,8
1,2003,9,Week 9,Week 9,2003-10-29T00:00:00,2003-11-04T23:59:59,2003REG,9
1,2003,10,Week 10,Week 10,2003-11-05T00:00:00,2003-11-11T23:59:59,2003REG,10
1,2003,11,Week 11,Week 11,2003-11-12T00:00:00,2003-11-18T23:59:59,2003REG,11
1,2003,12,Week 12,Week 12,2003-11-19T00:00:00,2003-11-25T23:59:59,2003REG,12
1,2003,13,Week 13,Week 13,2003-11-26T00:00:00,2003-12-02T23:59:59,2003REG,13
1,2003,14,Week 14,Week 14,2003-12-03T00:00:00,2003-12-09T23:59:59,2003REG,14
1,2003,15,Week 15,Week 15,2003-12-10T00:00:00,2003-12-16T23:59:59,2003REG,15
1,2003,16,Week 16,Week 16,2003-12-17T00:00:00,2003-12-23T23:59:59,2003REG,16
1,2003,17,Week 17,Week 17,2003-12-24T00:00:00,2003-12-29T23:59:59,2003REG,17
3,2003,1,Wild Card,Wild Card,2003-12-30T00:00:00,2004-01-05T23:59:59,2003POST,1
3,2003,2,Divisional Playoffs,Divisional,2004-01-06T00:00:00,2004-01-12T23:59:59,2003POST,2
3,2003,3,Conference Championships,Conference,2004-01-13T00:00:00,2004-01-19T23:59:59,2003POST,3
3,2003,4,Super Bowl XXXVIII,Super Bowl,2004-01-20T00:00:00,2004-03-14T23:59:59,2003POST,4
4,2003,,End of League Year,End of League Year,2004-03-15T00:00:00,2004-03-15T23:59:59,2003REG,
4,2004,,Offseason,Offseason,2004-03-16T00:00:00,2004-09-07T23:59:59,2004REG,
1,2004,1,Week 1,Week 1,2004-09-08T00:00:00,2004-09-14T23:59:59,2004REG,1
1,2004,2,Week 2,Week 2,2004-09-15T00:00:00,2004-09-21T23:59:59,2004REG,2
1,2004,3,Week 3,Week 3,2004-09-22T00:00:00,2004-09-28T23:59:59,2004REG,3
1,2004,4,Week 4,Week 4,2004-09-29T00:00:00,2004-10-05T23:59:59,2004REG,4
1,2004,5,Week 5,Week 5,2004-10-06T00:00:00,2004-10-12T23:59:59,2004REG,5
1,2004,6,Week 6,Week 6,2004-10-13T00:00:00,2004-10-19T23:59:59,2004REG,6
1,2004,7,Week 7,Week 7,2004-10-20T00:00:00,2004-10-26T23:59:59,2004REG,7
1,2004,8,Week 8,Week 8,2004-10-27T00:00:00,2004-11-02T23:59:59,2004REG,8
1,2004,9,Week 9,Week 9,2004-11-03T00:00:00,2004-11-09T23:59:59,2004REG,9
1,2004,10,Week 10,Week 10,2004-11-10T00:00:00,2004-11-16T23:59:59,2004REG,10
1,2004,11,Week 11,Week 11,2004-11-17T00:00:00,2004-11-23T23:59:59,2004REG,11
1,2004,12,Week 12,Week 12,2004-11-24T00:00:00,2004-11-30T23:59:59,2004REG,12
1,2004,13,Week 13,Week 13,2004-12-01T00:00:00,2004-12-07T23:59:59,2004REG,13
1,2004,14,Week 14,Week 14,2004-12-08T00:00:00,2004-12-14T23:59:59,2004REG,14
1,2004,15,Week 15,Week 15,2004-12-15T00:00:00,2004-12-21T23:59:59,2004REG,15
1,2004,16,Week 16,Week 16,2004-12-22T00:00:00,2004-12-28T23:59:59,2004REG,16
1,2004,17,Week 17,Week 17,2004-12-29T00:00:00,2005-01-03T23:59:59,2004REG,17
3,2004,1,Wild Card,Wild Card,2005-01-04T00:00:00,2005-01-10T23:59:59,2004POST,1
3,2004,2,Divisional Playoffs,Divisional,2005-01-11T00:00:00,2005-01-17T23:59:59,2004POST,2
3,2004,3,Conference Championships,Conference,2005-01-18T00:00:00,2005-01-24T23:59:59,2004POST,3
3,2004,4,Super Bowl XXXIX,Super Bowl,2005-01-25T00:00:00,2005-03-14T23:59:59,2004POST,4
4,2004,,End of League Year,End of League Year,2005-03-15T00:00:00,2005-03-15T23:59:59,2004REG,
4,2005,,Offseason,Offseason,2005-03-16T00:00:00,2005-09-06T23:59:59,2005REG,
1,2005,1,Week 1,Week 1,2005-09-07T00:00:00,2005-09-13T23:59:59,2005REG,1
1,2005,2,Week 2,Week 2,2005-09-14T00:00:00,2005-09-20T23:59:59,2005REG,2
1,2005,3,Week 3,Week 3,2005-09-21T00:00:00,2005-09-27T23:59:59,2005REG,3
1,2005,4,Week 4,Week 4,2005-09-28T00:00:00,2005-10-04T23:59:59,2005REG,4
1,2005,5,Week 5,Week 5,2005-10-05T00:00:00,2005-10-11T23:59:59,2005REG,5
1,2005,6,Week 6,Week 6,2005-10-12T00:00:00,2005-10-18T23:59:59,2005REG,6
1,2005,7,Week 7,Week 7,2005-10-19T00:00:00,2005-10-25T23:59:59,2005REG,7
1,2005,8,Week 8,Week 8,2005-10-26T00:00:00,2005-11-01T23:59:59,2005REG,8
1,2005,9,Week 9,Week 9,2005-11-02T00:00:00,2005-11-08T23:59:59,2005REG,9
1,2005,10,Week 10,Week 10,2005-11-09T00:00:00,2005-11-15T23:59:59,2005REG,10
1,2005,11,Week 11,Week 11,2005-11-16T00:00:00,2005-11-22T23:59:59,2005REG,11
1,2005,12,Week 12,Week 12,2005-11-23T00:00:00,2005-11-29T23:59:59,2005REG,12
1,2005,13,Week 13,Week 13,2005-11-30T00:00:00,2005-12-06T23:59:59,2005REG,13
1,2005,14,Week 14,Week 14,2005-12-07T00:00:00,2005-12-13T23:59:59,2005REG,14
1,2005,15,Week 15,Week 15,2005-12-14T00:00:00,2005-12-20T23:59:59,2005REG,15
1,2005,16,Week 16,Week 16,2005-12-21T00:00:00,2005-12-27T23:59:59,2005REG,16
1,2005,17,Week 17,Week 17,2005-12-28T00:00:00,2006-01-02T23:59:59,2005REG,17
3,2005,1,Wild Card,Wild Card,2006-01-03T00:00:00,2006-01-09T23:59:59,2005POST,1
3,2005,2,Divisional Playoffs,Divisional,2006-01-10T00:00:00,2006-01-16T23:59:59,2005POST,2
3,2005,3,Conference Championships,Conference,2006-01-17T00:00:00,2006-01-23T23:59:59,2005POST,3
3,2005,4,Super Bowl XL,Super Bowl,2006-01-24T00:00:00,2006-03-14T23:59:59,2005POST,4
4,2005,,End of League Year,End of League Year,2006-03-15T00:00:00,2006-03-15T23:59:59,2005REG,
4,2006,,Offseason,Offseason,2006-03-16T00:00:00,2006-09-05T23:59:59,2006REG,
1,2006,1,Week 1,Week 1,2006-09-06T00:00:00,2006-09-12T23:59:59,2006REG,1
1,2006,2,Week 2,Week 2,2006-09-13T00:00:00,2006-09-19T23:59:59,2006REG,2
1,2006,3,Week 3,Week 3,2006-09-20T00:00:00,2006-09-26T23:59:59,2006REG,3
1,2006,4,Week 4,Week 4,2006-09-27T00:00:00,2006-10-03T23:59:59,2006REG,4
1,2006,5,Week 5,Week 5,2006-10-04T00:00:00,2006-10-10T23:59:59,2006REG,5
1,2006,6,Week 6,Week 6,2006-10-11T00:00:00,2006-10-17T23:59:59,2006REG,6
1,2006,7,Week 7,Week 7,2006-10-18T00:00:00,2006-10-24T23:59:59,2006REG,7
1,2006,8,Week 8,Week 8,2006-10-25T00:00:00,2006-10-31T23:59:59,2006REG,8
1,2006,9,Week 9,Week 9,2006-11-01T00:00:00,2006-11-07T23:59:59,2006REG,9
1,2006,10,Week 10,Week 10,2006-11-08T00:00:00,2006-11-14T23:59:59,2006REG,10
1,2006,11,Week 11,Week 11,2006-11-15T00:00:00,2006-11-21T23:59:59,2006REG,11
1,2006,12,Week 12,Week 12,2006-11-22T00:00:00,2006-11-28T23:59:59,2006REG,12
1,2006,13,Week 13,Week 13,2006-11-29T00:00:00,2006-12-05T23:59:59,2006REG,13
1,2006,14,Week 14,Week 14,2006-12-06T00:00:00,2006-12-12T23:59:59,2006REG,14
1,2006,15,Week 15,Week 15,2006-12-13T00:00:00,2006-12-19T23:59:59,2006REG,15
1,2006,16,Week 16,Week 16,2006-12-20T00:00:00,2006-12-26T23:59:59,2006REG,16
1,2006,17,Week 17,Week 17,2006-12-27T00:00:00,2007-01-01T23:59:59,2006REG,17
3,2006,1,Wild Card,Wild Card,2007-01-02T00:00:00,2007-01-08T23:59:59,2006POST,1
3,2006,2,Divisional Playoffs,Divisional,2007-01-09T00:00:00,2007-01-15T23:59:59,2006POST,2
3,2006,3,Conference Championships,Conference,2007-01-16T00:00:00,2007-01-22T23:59:59,2006POST,3
3,2006,4,Super Bowl XLI,Super Bowl,2007-01-23T00:00:00,2007-03-14T23:59:59,2006POST,4
4,2006,,End of League Year,End of League Year,2007-03-15T00:00:00,2007-03-15T23:59:59,2006REG,
4,2007,,Offseason,Offseason,2007-03-16T00:00:00,2007-09-04T23:59:59,2007REG,
1,2007,1,Week 1,Week 1,2007-09-05T00:00:00,2007-09-11T23:59:59,2007REG,1
1,2007,2,Week 2,Week 2,2007-09-12T00:00:00,2007-09-18T23:59:59,2007REG,2
1,2007,3,Week 3,Week 3,2007-09-19T00:00:00,2007-09-25T23:59:59,2007REG,3
1,2007,4,Week 4,Week 4,2007-09-26T00:00:00,2007-10-02T23:59:59,2007REG,4
1,2007,5,Week 5,Week 5,2007-10-03T00:00:00,2007-10-09T23:59:59,2007REG,5
1,2007,6,Week 6,Week 6,2007-10-10T00:00:00,2007-10-16T23:59:59,2007REG,6
1,2007,7,Week 7,Week 7,2007-10-17T00:00:00,2007-10-23T23:59:59,2007REG,7
1,2007,8,Week 8,Week 8,2007-10-24T00:00:00,2007-10-30T23:59:59,2007REG,8
1,2007,9,Week 9,Week 9,2007-10-31T00:00:00,2007-11-06T23:59:59,2007REG,9
1,2007,10,Week 10,Week 10,2007-11-07T00:00:00,2007-11-13T23:59:59,2007REG,10
1,2007,11,Week 11,Week 11,2007-11-14T00:00:00,2007-11-20T23:59:59,2007REG,11
1,2007,12,Week 12,Week 12,2007-11-21T00:00:00,2007-11-27T23:59:59,2007REG,12
1,2007,13,Week 13,Week 13,2007-11-28T00:00:00,2007-12-04T23:59:59,2007REG,13
1,2007,14,Week 14,Week 14,2007-12-05T00:00:00,2007-12-11T23:59:59,2007REG,14
1,2007,15,Week 15,Week 15,2007-12-12T00:00:00,2007-12-18T23:59:59,2007REG,15
1,2007,16,Week 16,Week 16,2007-12-19T00:00:00,2007-12-25T23:59:59,2007REG,16
1,2007,17,Week 17,Week 17,2007-12-26T00:00:00,2007-12-31T23:59:59,2007REG,17
3,2007,1,Wild Card,Wild Card,2008-01-01T00:00:00,2008-01-07T23:59:59,2007POST,1
3,2007,2,Divisional Playoffs,Divisional,2008-01-08T00:00:00,2008-01-14T23:59:59,2007POST,2
3,2007,3,Conference Championships,Conference,2008-01-15T00:00:00,2008-01-21T23:59:59,2007POST,3
3,2007,4,Super Bowl XLII,Super Bowl,2008-01-22T00:00:00,2008-03-14T23:59:59,2007POST,4
4,2007,,End of League Year,End of League Year,2008-03-15T00:00:00,2008-03-15T23:59:59,2007REG,
4,2008,,Offseason,Offseason,2008-03-16T00:00:00,2008-09-02T23:59:59,2008REG,
1,2008,1,Week 1,Week 1,2008-09-03T00:00:00,2008-09-09T23:59:59,2008REG,1
1,2008,2,Week 2,Week 2,2008-09-10T00:00:00,2008-09-16T23:59:59,2008REG,2
1,2008,3,Week 3,Week 3,2008-09-17T00:00:00,2008-09-23T23:59:59,2008REG,3
1,2008,4,Week 4,Week 4,2008-09-24T00:00:00,2008-09-30T23:59:59,2008REG,4
1,2008,5,Week 5,Week 5,2008-10-01T00:00:00,2008-10-07T23:59:59,2008REG,5
1,2008,6,Week 6,Week 6,2008-10-08T00:00:00,2008-10-14T23:59:59,2008REG,6
1,2008,7,Week 7,Week 7,2008-10-15T00:00:00,2008-10-21T23:59:59,2008REG,7
1,2008,8,Week 8,Week 8,2008-10-22T00:00:00,2008-10-28T23:59:59,2008REG,8
1,2008,9,Week 9,Week 9,2008-10-29T00:00:00,2008-11-04T23:59:59,2008REG,9
1,2008,10,Week 10,Week 10,2008-11-05T00:00:00,2008-11-11T23:59:59,2008REG,10
1,2008,11,Week 11,Week 11,2008-11-12T00:00:00,2008-11-18T23:59:59,2008REG,11
1,2008,12,Week 12,Week 12,2008-11-19T00:00:00,2008-11-25T23:59:59,2008REG,12
1,2008,13,Week 13,Week 13,2008-11-26T00:00:00,2008-12-02T23:59:59,2008REG,13
1,2008,14,Week 14,Week 14,2008-12-03T00:00:00,2008-12-09T23:59:59,2008REG,14
1,2008,15,Week 15,Week 15,2008-12-10T00:00:00,2008-12-16T23:59:59,2008REG,15
1,2008,16,Week 16,Week 16,2008-12-17T00:00:00,2008-12-23T23:59:59,2008REG,16
1,2008,17,Week 17,Week 17,2008-12-24T00:00:00,2008-12-29T23:59:59,2008REG,17
3,2008,1,Wild Card,Wild Card,2008-12-30T00:00:00,2009-01-05T23:59:59,2008POST,1
3,2008,2,Divisional Playoffs,Divisional,2009-01-06T00:00:00,2009-01-12T23:59:59,2008POST,2
3,2008,3,Conference Championships,Conference,2009-01-13T00:00:00,2009-01-19T23:59:59,2008POST,3
3,2008,4,Super Bowl XLIII,Super Bowl,2009-01-20T00:00:00,2009-03-14T23:59:59,2008POST,4
4,2008,,End of League Year,End of League Year,2009-03-15T00:00:00,2009-03-15T23:59:59,2008REG,
4,2009,,Offseason,Offseason,2009-03-16T00:00:00,2009-09-08T23:59:59,2009REG,
1,2009,1,Week 1,Week 1,2009-09-09T00:00:00,2009-09-15T23:59:59,2009REG,1
1,2009,2,Week 2,Week 2,2009-09-16T00:00:00,2009-09-22T23:59:59,2009REG,2
1,2009,3,Week 3,Week 3,2009-09-23T00:00:00,2009-09-29T23:59:59,2009REG,3
1,2009,4,Week 4,Week 4,2009-09-30T00:00:00,2009-10-06T23:59:59,2009REG,4
1,2009,5,Week 5,Week 5,2009-10-07T00:00:00,2009-10-13T23:59:59,2009REG,5
1,2009,6,Week 6,Week 6,2009-10-14T00:00:00,2009-10-20T23:59:59,2009REG,6
1,2009,7,Week 7,Week 7,2009-10-21T00:00:00,2009-10-27T23:59:59,2009REG,7
1,2009,8,Week 8,Week 8,2009-10-28T00:00:00,2009-11-03T23:59:59,2009REG,8
1,2009,9,Week 9,Week 9,2009-11-04T00:00:00,2009-11-10T23:59:59,2009REG,9
1,2009,10,Week 10,Week 10,2009-11-11T00:00:00,2009-11-17T23:59:59,2009REG,10
1,2009,11,Week 11,Week 11,2009-11-18T00:00:00,2009-11-24T23:59:59,2009REG,11
1,2009,12,Week 12,Week 12,2009-11-25T00:00:00,2009-12-01T23:59:59,2009REG,12
1,2009,13,Week 13,Week 13,2009-12-02T00:00:00,2009-12-08T23:59:59,2009REG,13
1,2009,14,Week 14,Week 14,2009-12-09T00:00:00,2009-12-15T23:59:59,2009REG,14
1,2009,15,Week 15,Week 15,2009-12-16T00:00:00,2009-12-22T23:59:59,2009REG,15
1,2009,16,Week 16,Week 16,2009-12-23T00:00:00,2009-12-29T23:59:59,2009REG,16
1,2009,17,Week 17,Week 17,2009-12-30T00:00:00,2010-01-04T23:59:59,2009REG,17
3,2009,1,Wild Card,Wild Card,2010-01-05T00:00:00,2010-01-11T23:59:59,2009POST,1
3,2009,2,Divisional Playoffs,Divisional,2010-01-12T00:00:00,2010-01-18T23:59:59,2009POST,2
3,2009,3,Conference Championships,Conference,2010-01-19T00:00:00,2010-01-25T23:59:59,2009POST,3
3,2009,4,Super Bowl XLIV,Super Bowl,2010-01-26T00:00:00,2010-03-14T23:59:59,2009POST,4
4,2009,,End of League Year,End of League Year,2010-03-15T00:00:00,2010-03-15T23:59:59,2009REG,
4,2010,,Offseason,Offseason,2010-03-16T00:00:00,2010-09-07T23:59:59,2010REG,
1,2010,1,Week 1,Week 1,2010-09-08T00:00:00,2010-09-14T23:59:59,2010REG,1
1,2010,2,Week 2,Week 2,2010-09-15T00:00:00,2010-09-21T23:59:59,2010REG,2
1,2010,3,Week 3,Week 3,2010-09-22T00:00:00,2010-09-28T23:59:59,2010REG,3
1,2010,4,Week 4,Week 4,2010-09-29T00:00:00,2010-10-05T23:59:59,2010REG,4
1,2010,5,Week 5,Week 5,2010-10-06T00:00:00,2010-10-12T23:59:59,2010REG,5
1,2010,6,Week 6,Week 6,2010-10-13T00:00:00,2010-10-19T23:59:59,2010REG,6
1,2010,7,Week 7,Week 7,2010-10-20T00:00:00,2010-10-26T23:59:59,2010REG,7
1,2010,8,Week 8,Week 8,2010-10-27T00:00:00,2010-11-02T23:59:59,2010REG,8
1,2010,9,Week 9,Week 9,2010-11-03T00:00:00,2010-11-09T23:59:59,2010REG,9
1,2010,10,Week 10,Week 10,2010-11-10T00:00:00,2010-11-16T23:59:59,2010REG,10
1,2010,11,Week 11,Week 11,2010-11-17T00:00:00,2010-11-23T23:59:59,2010REG,11
1,2010,12,Week 12,Week 12,2010-11-24T00:00:00,2010-11-30T23:59:59,2010REG,12
1,2010,13,Week 13,Week 13,2010-12-01T00:00:00,2010-12-07T23:59:59,2010REG,13
1,2010,14,Week 14,Week 14,2010-12-08T00:00:00,2010-12-14T23:59:59,2010REG,14
1,2010,15,Week 15,Week 15,2010-12-15T00:00:00,2010-12-21T23:59:59,2010REG,15
1,2010,16,Week 16,Week 16,2010-12-22T00:00:00,2010-12-28T23:59:59,2010REG,16
1,2010,17,Week 17,Week 17,2010-12-29T00:00:00,2011-01-03T23:59:59,2010REG,17
3,2010,1,Wild Card,Wild Card,2011-01-04T00:00:00,2011-01-10T23:59:59,2010POST,1
3,2010,2,Divisional Playoffs,Divisional,2011-01-11T00:00:00,2011-01-17T23:59:59,2010POST,2
3,2010,3,Conference Championships,Conference,2011-01-18T00:00:00,2011-01-24T23:59:59,2010POST,3
3,2010,4,Super Bowl XLV,Super Bowl,2011-01-25T00:00:00,2011-03-14T23:59:59,2010POST,4
4,2010,,End of League Year,End of League Year,2011-03-15T00:00:00,2011-03-15T23:59:59,2010REG,
4,2011,,Offseason,Offseason,2011-03-16T00:00:00,2011-09-06T23:59:59,2011REG,
1,2011,1,Week 1,Week 1,2011-09-07T00:00:00,2011-09-13T23:59:59,2011REG,1
1,2011,2,Week 2,Week 2,2011-09-14T00:00:00,2011-09-20T23:59:59,2011REG,2
1,2011,3,Week 3,Week 3,2011-09-21T00:00:00,2011-09-27T23:59:59,2011REG,3
1,2011,4,Week 4,Week 4,2011-09-28T00:00:00,2011-10-04T23:59:59,2011REG,4
1,2011,5,Week 5,Week 5,2011-10-05T00:00:00,2011-10-11T23:59:59,2011REG,5
1,2011,6,Week 6,Week 6,2011-10-12T00:00:00,2011-10-18T23:59:59,2011REG,6
1,2011,7,Week 7,Week 7,2011-10-19T00:00:00,2011-10-25T23:59:59,2011REG,7
1,2011,8,Week 8,Week 8,2011-10-26T00:00:00,2011-11-01T23:59:59,2011REG,8
1,2011,9,Week 9,Week 9,2011-11-02T00:00:00,2011-11-08T23:59:59,2011REG,9
1,2011,10,Week 10,Week 10,2011-11-09T00:00:00,2011-11-15T23:59:59,2011REG,10
1,2011,11,Week 11,Week 11,2011-11-16T00:00:00,2011-11-22T23:59:59,2011REG,11
1,2011,12,Week 12,Week 12,2011-11-23T00:00:00,2011-11-29T23:59:59,2011REG,12
1,2011,13,Week 13,Week 13,2011-11-30T00:00:00,2011-12-06T23:59:59,2011REG,13
1,2011,14,Week 14,Week 14,2011-12-07T00:00:00,2011-12-13T23:59:59,2011REG,14
1,2011,15,Week 15,Week 15,2011-12-14T00:00:00,2011-12-20T23:59:59,2011REG,15
1,2011,16,Week 16,Week 16,2011-12-21T00:00:00,2011-12-27T23:59:59,2011REG,16
1,2011,17,Week 17,Week 17,2011-12-28T00:00:00,2012-01-02T23:59:59,2011REG,17
3,2011,1,Wild Card,Wild Card,2012-01-03T00:00:00,2012-01-09T23:59:59,2011POST,1
3,2011,2,Divisional Playoffs,Divisional,2012-01-10T00:00:00,2012-01-16T23:59:59,2011POST,2
3,2011,3,Conference Championships,Conference,2012-01-17T00:00:00,2012-01-23T23:59:59,2011POST,3
3,2011,4,Super Bowl XLVI,Super Bowl,2012-01-24T00:00:00,2012-03-14T23:59:59,2011POST,4
4,2011,,End of League Year,End of League Year,2012-03-15T00:00:00,2012-03-15T23:59:59,2011REG,
4,2012,,Offseason,Offseason,2012-03-16T00:00:00,2012-09-04T23:59:59,2012REG,
1,2012,1,Week 1,Week 1,2012-09-05T00:00:00,2012-09-11T23:59:59,2012REG,1
1,2012,2,Week 2,Week 2,2012-09-12T00:00:00,2012-09-18T23:59:59,2012REG,2
1,2012,3,Week 3,Week 3,2012-09-19T00:00:00,2012-09-25T23:59:59,2012REG,3
1,2012,4,Week 4,Week 4,2012-09-26T00:00:00,2012-10-02T23:59:59,2012REG,4
1,2012,5,Week 5,Week 5,2012-10-03T00:00:00,2012-10-09T23:59:59,2012REG,5
1,2012,6,Week 6,Week 6,2012-10-10T00:00:00,2012-10-16T23:59:59,2012REG,6
1,2012,7,Week 7,Week 7,2012-10-17T00:00:00,2012-10-23T23:59:59,2012REG,7
1,2012,8,Week 8,Week 8,2012-10-24T00:00:00,2012-10-30T23:59:59,2012REG,8
1,2012,9,Week 9,Week 9,2012-10-31T00:00:00,2012-11-06T23:59:59,2012REG,9
1,2012,10,Week 10,Week 10,2012-11-07T00:00:00,2012-11-13T23:59:59,2012REG,10
1,2012,11,Week 11,Week 11,2012-11-14T00:00:00,2012-11-20T23:59:59,2012REG,11
1,2012,12,Week 12,Week 12,2012-11-21T00:00:00,2012-11-27T23:59:59,2012REG,12
1,2012,13,Week 13,Week 13,2012-11-28T00:00:00,2012-12-04T23:59:59,2012REG,13
1,2012,14,Week 14,Week 14,2012-12-05T00:00:00,2012-12-11T23:59:59,2012REG,14
1,2012,15,Week 15,Week 15,2012-12-12T00:00:00,2012-12-18T23:59:59,2012REG,15
1,2012,16,Week 16,Week 16,2012-12-19T00:00:00,2012-12-25T23:59:59,2012REG,16
1,2012,17,Week 17,Week 17,2012-12-26T00:00:00,2012-12-31T23:59:59,2012REG,17
3,2012,1,Wild Card,Wild Card,2013-01-01T00:00:00,2013-01-07T23:59:59,2012POST,1
3,2012,2,Divisional Playoffs,Divisional,2013-01-08T00:00:00,2013-01-14T23:59:59,2012POST,2
3,2012,3,Conference Championships,Conference,2013-01-15T00:00:00,2013-01-21T23:59:59,2012POST,3
3,2012,4,Super Bowl XLVII,Super Bowl,2013-01-22T00:00:00,2013-02-08T23:59:59,2012POST,4
4,2012,,Scouting Combine,Combine,2013-02-09T00:00:00,2013-02-28T23:59:59,2012REG,
4,2012,,End of League Year,End of League Year,2013-03-01T00:00:00,2013-03-11T23:59:59,2012REG,
4,2013,,Free Agency,Free Agency,2013-03-12T00:00:00,2013-04-14T23:59:59,2013REG,
4,2013,,2013 NFL Draft,NFL Draft,2013-04-15T00:00:00,2013-06-22T23:59:59,2013REG,
4,2013,,Rookie Symposium,Rookie Symposium,2013-06-23T00:00:00,2013-06-30T23:59:59,2013REG,
4,2013,,Training Camp,Training Camp,2013-07-01T00:00:00,2013-08-01T23:59:59,2013REG,
2,2013,0,Hall of Fame Weekend,HOF Weekend,2013-08-02T00:00:00,2013-08-05T23:59:59,2013PRE,0
2,2013,1,Preseason Week 1,Week 1,2013-08-06T00:00:00,2013-08-12T23:59:59,2013PRE,1
2,2013,2,Preseason Week 2,Week 2,2013-08-13T00:00:00,2013-08-20T23:59:59,2013PRE,2
2,2013,3,Preseason Week 3,Week 3,2013-08-21T00:00:00,2013-08-26T23:59:59,2013PRE,3
2,2013,4,Preseason Week 4,Week 4,2013-08-27T00:00:00,2013-08-30T23:59:59,2013PRE,4
1,2013,1,Week 1,Week 1,2013-08-31T00:00:00,2013-09-10T23:59:59,2013REG,1
1,2013,2,Week 2,Week 2,2013-09-11T00:00:00,2013-09-17T23:59:59,2013REG,2
1,2013,3,Week 3,Week 3,2013-09-18T00:00:00,2013-09-24T23:59:59,2013REG,3
1,2013,4,Week 4,Week 4,2013-09-25T00:00:00,2013-10-01T23:59:59,2013REG,4
1,2013,5,Week 5,Week 5,2013-10-02T00:00:00,2013-10-08T23:59:59,2013REG,5
1,2013,6,Week 6,Week 6,2013-10-09T00:00:00,2013-10-15T23:59:59,2013REG,6
1,2013,7,Week 7,Week 7,2013-10-16T00:00:00,2013-10-22T23:59:59,2013REG,7
1,2013,8,Week 8,Week 8,2013-10-23T00:00:00,2013-10-29T23:59:59,2013REG,8
1,2013,9,Week 9,Week 9,2013-10-30T00:00:00,2013-11-05T23:59:59,2013REG,9
1,2013,10,Week 10,Week 10,2013-11-06T00:00:00,2013-11-12T23:59:59,2013REG,10
1,2013,11,Week 11,Week 11,2013-11-13T00:00:00,2013-11-19T23:59:59,2013REG,11
1,2013,12,Week 12,Week 12,2013-11-20T00:00:00,2013-11-26T23:59:59,2013REG,12
1,2013,13,Week 13,Week 13,2013-11-27T00:00:00,2013-12-03T23:59:59,2013REG,13
1,2013,14,Week 14,Week 14,2013-12-04T00:00:00,2013-12-10T23:59:59,2013REG,14
1,2013,15,Week 15,Week 15,2013-12-11T00:00:00,2013-12-17T23:59:59,2013REG,15
1,2013,16,Week 16,Week 16,2013-12-18T00:00:00,2013-12-24T23:59:59,2013REG,16
1,2013,17,Week 17,Week 17,2013-12-25T00:00:00,2013-12-30T23:59:59,2013REG,17
3,2013,1,Wild Card,Wild Card,2013-12-31T00:00:00,2014-01-06T23:59:59,2013POST,1
3,2013,2,Divisional Playoffs,Divisional,2014-01-07T00:00:00,2014-01-13T23:59:59,2013POST,2
3,2013,3,Conference Championships,Conference,2014-01-14T00:00:00,2014-01-20T23:59:59,2013POST,3
3,2013,4,Super Bowl XLVIII,Super Bowl,2014-01-21T00:00:00,2014-02-09T23:59:59,2013POST,4
4,2013,,Scouting Combine,Combine,2014-02-10T00:00:00,2014-02-28T23:59:59,2013REG,
4,2013,,End of League Year,End of League Year,2014-03-01T00:00:00,2014-03-11T15:59:59,2013REG,
4,2014,,Free Agency,Free Agency,2014-03-11T16:00:00,2014-04-13T23:59:59,2014REG,
4,2014,,2013 NFL Draft,NFL Draft,2014-04-14T00:00:00,2014-06-21T23:59:59,2014REG,
4,2014,,Rookie Symposium,Rookie Symposium,2014-06-22T00:00:00,2014-06-29T23:59:59,2014REG,
4,2014,,Training Camp,Training Camp,2014-06-30T00:00:00,2014-07-31T23:59:59,2014REG,
2,2014,0,Hall of Fame Weekend,HOF Weekend,2014-08-01T00:00:00,2014-08-04T23:59:59,2014PRE,0
2,2014,1,Preseason Week 1,Week 1,2014-08-05T00:00:00,2014-08-11T23:59:59,2014PRE,1
2,2014,2,Preseason Week 2,Week 2,2014-08-12T00:00:00,2014-08-19T23:59:59,2014PRE,2
2,2014,3,Preseason Week 3,Week 3,2014-08-20T00:00:00,2014-08-25T23:59:59,2014PRE,3
2,2014,4,Preseason Week 4,Week 4,2014-08-26T00:00:00,2014-08-29T23:59:59,2014PRE,4
1,2014,1,Week 1,Week 1,2014-08-30T00:00:00,2014-09-09T23:59:59,2014REG,1
1,2014,2,Week 2,Week 2,2014-09-10T00:00:00,2014-09-16T23:59:59,2014REG,2
1,2014,3,Week 3,Week 3,2014-09-17T00:00:00,2014-09-23T23:59:59,2014REG,3
1,2014,4,Week 4,Week 4,2014-09-24T00:00:00,2014-09-30T23:59:59,2014REG,4
1,2014,5,Week 5,Week 5,2014-10-01T00:00:00,2014-10-07T23:59:59,2014REG,5
1,2014,6,Week 6,Week 6,2014-10-08T00:00:00,2014-10-14T23:59:59,2014REG,6
1,2014,7,Week 7,Week 7,2014-10-15T00:00:00,2014-10-21T23:59:59,2014REG,7
1,2014,8,Week 8,Week 8,2014-10-22T00:00:00,2014-10-28T23:59:59,2014REG,8
1,2014,9,Week 9,Week 9,2014-10-29T00:00:00,2014-11-04T23:59:59,2014REG,9
1,2014,10,Week 10,Week 10,2014-11-05T00:00:00,2014-11-11T23:59:59,2014REG,10
1,2014,11,Week 11,Week 11,2014-11-12T00:00:00,2014-11-18T23:59:59,2014REG,11
1,2014,12,Week 12,Week 12,2014-11-19T00:00:00,2014-11-25T23:59:59,2014REG,12
1,2014,13,Week 13,Week 13,2014-11-26T00:00:00,2014-12-02T23:59:59,2014REG,13
1,2014,14,Week 14,Week 14,2014-12-03T00:00:00,2014-12-09T23:59:59,2014REG,14
1,2014,15,Week 15,Week 15,2014-12-10T00:00:00,2014-12-16T23:59:59,2014REG,15
1,2014,16,Week 16,Week 16,2014-12-17T00:00:00,2014-12-23T23:59:59,2014REG,16
1,2014,17,Week 17,Week 17,2014-12-24T00:00:00,2014-12-29T23:59:59,2014REG,17
3,2014,1,Wild Card,Wild Card,2014-12-30T00:00:00,2015-01-05T23:59:59,2014POST,1
3,2014,2,Divisional Playoffs,Divisional,2015-01-06T00:00:00,2015-01-12T23:59:59,2014POST,2
3,2014,3,Conference Championships,Conference,2015-01-13T00:00:00,2015-01-19T23:59:59,2014POST,3
3,2014,4,Super Bowl,Super Bowl,2015-01-20T00:00:00,2015-02-08T23:59:59,2014POST,4
4,2014,,Scouting Combine,Combine,2015-02-09T00:00:00,2015-02-27T23:59:59,2014REG,
4,2014,,End of League Year,End of League Year,2015-02-28T00:00:00,2015-03-10T15:59:59,2014REG,
4,2015,,Free Agency,Free Agency,2015-03-10T16:00:00,2015-04-09T23:59:59,2015REG,
4,2015,,NFL Draft,NFL Draft,2015-04-10T00:00:00,2015-08-04T23:59:59,2015REG,
2,2015,0,Hall of Fame Weekend,HOF Weekend,2015-08-05T00:00:00,2015-08-10T23:59:59,2015PRE,0
2,2015,1,Preseason Week 1,Week 1,2015-08-11T00:00:00,2015-08-18T23:59:59,2015PRE,1
2,2015,2,Preseason Week 2,Week 2,2015-08-19T00:00:00,2015-08-25T23:59:59,2015PRE,2
2,2015,3,Preseason Week 3,Week 3,2015-08-26T00:00:00,2015-08-31T23:59:59,2015PRE,3
2,2015,4,Preseason Week 4,Week 4,2015-09-01T00:00:00,2015-09-04T23:59:59,2015PRE,4
1,2015,1,Week 1,Week 1,2015-09-05T00:00:00,2015-09-15T23:59:59,2015REG,1
1,2015,2,Week 2,Week 2,2015-09-16T00:00:00,2015-09-22T23:59:59,2015REG,2
1,2015,3,Week 3,Week 3,2015-09-23T00:00:00,2015-09-29T23:59:59,2015REG,3
1,2015,4,Week 4,Week 4,2015-09-30T00:00:00,2015-10-06T23:59:59,2015REG,4
1,2015,5,Week 5,Week 5,2015-10-07T00:00:00,2015-10-13T23:59:59,2015REG,5
1,2015,6,Week 6,Week 6,2015-10-14T00:00:00,2015-10-20T23:59:59,2015REG,6
1,2015,7,Week 7,Week 7,2015-10-21T00:00:00,2015-10-27T23:59:59,2015REG,7
1,2015,8,Week 8,Week 8,2015-10-28T00:00:00,2015-11-03T23:59:59,2015REG,8
1,2015,9,Week 9,Week 9,2015-11-04T00:00:00,2015-11-10T23:59:59,2015REG,9
1,2015,10,Week 10,Week 10,2015-11-11T00:00:00,2015-11-17T23:59:59,2015REG,10
1,2015,11,Week 11,Week 11,2015-11-18T00:00:00,2015-11-24T23:59:59,2015REG,11
1,2015,12,Week 12,Week 12,2015-11-25T00:00:00,2015-12-01T23:59:59,2015REG,12
1,2015,13,Week 13,Week 13,2015-12-02T00:00:00,2015-12-08T23:59:59,2015REG,13
1,2015,14,Week 14,Week 14,2015-12-09T00:00:00,2015-12-15T23:59:59,2015REG,14
1,2015,15,Week 15,Week 15,2015-12-16T00:00:00,2015-12-22T23:59:59,2015REG,15
1,2015,16,Week 16,Week 16,2015-12-23T00:00:00,2015-12-29T23:59:59,2015REG,16
1,2015,17,Week 17,Week 17,2015-12-30T00:00:00,2016-01-04T23:59:59,2015REG,17
3,2015,1,Wild Card Weekend,Wild Card,2016-01-05T00:00:00,2016-01-11T23:59:59,2015POST,1
3,2015,2,Divisional Playoffs,Divisional,2016-01-12T00:00:00,2016-01-18T23:59:59,2015POST,2
3,2015,3,Conference Championships,Conference,2016-01-19T00:00:00,2016-01-25T23:59:59,2015POST,3
3,2015,4,Super Bowl,Super Bowl,2016-01-26T00:00:00,2016-02-14T23:59:59,2015POST,4
4,2015,,Scouting Combine,Combine,2016-02-15T00:00:00,2016-02-29T23:59:59,2015REG,
4,2016,,Free Agency,Free Agency,2016-03-01T00:00:00,2016-03-31T23:59:59,2016REG,
4,2016,,NFL Draft,NFL Draft,2016-04-01T00:00:00,2016-07-27T23:59:59,2016REG,
2,2016,0,Hall of Fame Weekend,HOF Weekend,2016-07-28T00:00:00,2016-08-08T23:59:59,2016PRE,0
2,2016,1,Preseason Week 1,Week 1,2016-08-09T00:00:00,2016-08-15T23:59:59,2016PRE,1
2,2016,2,Preseason Week 2,Week 2,2016-08-16T00:00:00,2016-08-21T23:59:59,2016PRE,2
2,2016,3,Preseason Week 3,Week 3,2016-08-22T00:00:00,2016-08-29T23:59:59,2016PRE,3
2,2016,4,Preseason Week 4,Week 4,2016-08-30T00:00:00,2016-09-02T23:59:59,2016PRE,4
1,2016,1,Week 1,Week 1,2016-09-03T00:00:00,2016-09-13T23:59:59,2016REG,1
1,2016,2,Week 2,Week 2,2016-09-14T00:00:00,2016-09-20T23:59:59,2016REG,2
1,2016,3,Week 3,Week 3,2016-09-21T00:00:00,2016-09-27T23:59:59,2016REG,3
1,2016,4,Week 4,Week 4,2016-09-28T00:00:00,2016-10-04T23:59:59,2016REG,4
1,2016,5,Week 5,Week 5,2016-10-05T00:00:00,2016-10-11T23:59:59,2016REG,5
1,2016,6,Week 6,Week 6,2016-10-12T00:00:00,2016-10-18T23:59:59,2016REG,6
1,2016,7,Week 7,Week 7,2016-10-19T00:00:00,2016-10-25T23:59:59,2016REG,7
1,2016,8,Week 8,Week 8,2016-10-26T00:00:00,2016-11-01T23:59:59,2016REG,8
1,2016,9,Week 9,Week 9,2016-11-02T00:00:00,2016-11-08T23:59:59,2016REG,9
1,2016,10,Week 10,Week 10,2016-11-09T00:00:00,2016-11-15T23:59:59,2016REG,10
1,2016,11,Week 11,Week 11,2016-11-16T00:00:00,2016-11-22T23:59:59,2016REG,11
1,2016,12,Week 12,Week 12,2016-11-23T00:00:00,2016-11-29T23:59:59,2016REG,12
1,2016,13,Week 13,Week 13,2016-11-30T00:00:00,2016-12-06T23:59:59,2016REG,13
1,2016,14,Week 14,Week 14,2016-12-07T00:00:00,2016-12-13T23:59:59,2016REG,14
1,2016,15,Week 15,Week 15,2016-12-14T00:00:00,2016-12-20T23:59:59,2016REG,15
1,2016,16,Week 16,Week 16,2016-12-21T00:00:00,2016-12-27T23:59:59,2016REG,16
1,2016,17,Week 17,Week 17,2016-12-28T00:00:00,2017-01-02T23:59:59,2016REG,17
3,2016,1,Wild Card Weekend,Wild Card,2017-01-03T00:00:00,2017-01-09T23:59:59,2016POST,1
3,2016,2,Divisional Playoffs,Divisional,2017-01-10T00:00:00,2017-01-16T23:59:59,2016POST,2
3,2016,3,Conference Championships,Conference,2017-01-17T00:00:00,2017-01-23T23:59:59,2016POST,3
5,2016,1,Pro Bowl,Pro Bowl,2017-01-24T00:00:00,2017-01-30T23:59:59,2016STAR,1
3,2016,4,Super Bowl,Super Bowl,2017-01-31T00:00:00,2017-02-14T23:59:59,2016POST,4
4,2016,,Scouting Combine,Combine,2017-02-15T00:00:00,2017-02-28T23:59:59,2016REG,
4,2017,,Free Agency,Free Agency,2017-03-01T00:00:00,2017-03-31T23:59:59,2017REG,
4,2017,,NFL Draft,NFL Draft,2017-04-01T00:00:00,2017-07-27T23:59:59,2017REG,
2,2017,0,Hall of Fame Weekend,HOF Weekend,2017-07-28T00:00:00,2017-08-04T23:59:59,2017PRE,0
2,2017,1,Preseason Week 1,Week 1,2017-08-05T00:00:00,2017-08-14T23:59:59,2017PRE,1
2,2017,2,Preseason Week 2,Week 2,2017-08-15T00:00:00,2017-08-22T23:59:59,2017PRE,2
2,2017,3,Preseason Week 3,Week 3,2017-08-23T00:00:00,2017-08-28T23:59:59,2017PRE,3
2,2017,4,Preseason Week 4,Week 4,2017-08-29T00:00:00,2017-09-01T23:59:59,2017PRE,4
1,2017,1,Week 1,Week 1,2017-09-02T00:00:00,2017-09-12T23:59:59,2017REG,1
1,2017,2,Week 2,Week 2,2017-09-13T00:00:00,2017-09-19T23:59:59,2017REG,2
1,2017,3,Week 3,Week 3,2017-09-20T00:00:00,2017-09-26T23:59:59,2017REG,3
1,2017,4,Week 4,Week 4,2017-09-27T00:00:00,2017-10-03T23:59:59,2017REG,4
1,2017,5,Week 5,Week 5,2017-10-04T00:00:00,2017-10-10T23:59:59,2017REG,5
1,2017,6,Week 6,Week 6,2017-10-11T00:00:00,2017-10-17T23:59:59,2017REG,6
1,2017,7,Week 7,Week 7,2017-10-18T00:00:00,2017-10-24T23:59:59,2017REG,7
1,2017,8,Week 8,Week 8,2017-10-25T00:00:00,2017-10-31T23:59:59,2017REG,8
1,2017,9,Week 9,Week 9,2017-11-01T00:00:00,2017-11-07T23:59:59,2017REG,9
1,2017,10,Week 10,Week 10,2017-11-08T00:00:00,2017-11-14T23:59:59,2017REG,10
1,2017,11,Week 11,Week 11,2017-11-15T00:00:00,2017-11-21T23:59:59,2017REG,11
1,2017,12,Week 12,Week 12,2017-11-22T00:00:00,2017-11-28T23:59:59,2017REG,12
1,2017,13,Week 13,Week 13,2017-11-29T00:00:00,2017-12-05T23:59:59,2017REG,13
1,2017,14,Week 14,Week 14,2017-12-06T00:00:00,2017-12-12T23:59:59,2017REG,14
1,2017,15,Week 15,Week 15,2017-12-13T00:00:00,2017-12-19T23:59:59,2017REG,15
1,2017,16,Week 16,Week 16,2017-12-20T00:00:00,2017-12-26T23:59:59,2017REG,16
1,2017,17,Week 17,Week 17,2017-12-27T00:00:00,2018-01-01T23:59:59,2017REG,17
3,2017,1,Wild Card Weekend,Wild Card,2018-01-02T00:00:00,2018-01-08T23:59:59,2017POST,1
3,2017,2,Divisional Playoffs,Divisional,2018-01-09T00:00:00,2018-01-15T23:59:59,2017POST,2
3,2017,3,Conference Championships,Conference,2018-01-16T00:00:00,2018-01-22T23:59:59,2017POST,3
5,2017,1,Pro Bowl,Pro Bowl,2018-01-23T00:00:00,2018-01-29T23:59:59,2017STAR,1
3,2017,4,Super Bowl,Super Bowl,2018-01-30T00:00:00,2018-02-14T23:59:59,2017POST,4
4,2017,,Scouting Combine,Combine,2018-02-15T00:00:00,2018-02-28T23:59:59,2017REG,
4,2018,,Free Agency,Free Agency,2018-03-01T00:00:00,2018-03-31T23:59:59,2018REG,
4,2018,,NFL Draft,NFL Draft,2018-04-01T00:00:00,2018-07-27T23:59:59,2018REG,
2,2018,0,Hall of Fame Weekend,HOF Weekend,2018-07-28T00:00:00,2018-08-03T23:59:59,2018PRE,0
2,2018,1,Preseason Week 1,Week 1,2018-08-04T00:00:00,2018-08-12T23:59:59,2018PRE,1
2,2018,2,Preseason Week 2,Week 2,2018-08-13T00:00:00,2018-08-21T23:59:59,2018PRE,2
2,2018,3,Preseason Week 3,Week 3,2018-08-22T00:00:00,2018-08-27T23:59:59,2018PRE,3
2,2018,4,Preseason Week 4,Week 4,2018-08-28T00:00:00,2018-08-31T23:59:59,2018PRE,4
1,2018,1,Week 1,Week 1,2018-09-01T00:00:00,2018-09-11T23:59:59,2018REG,1
1,2018,2,Week 2,Week 2,2018-09-12T00:00:00,2018-09-18T23:59:59,2018REG,2
1,2018,3,Week 3,Week 3,2018-09-19T00:00:00,2018-09-25T23:59:59,2018REG,3
1,2018,4,Week 4,Week 4,2018-09-26T00:00:00,2018-10-02T23:59:59,2018REG,4
1,2018,5,Week 5,Week 5,2018-10-03T00:00:00,2018-10-09T23:59:59,2018REG,5
1,2018,6,Week 6,Week 6,2018-10-10T00:00:00,2018-10-16T23:59:59,2018REG,6
1,2018,7,Week 7,Week 7,2018-10-17T00:00:00,2018-10-23T23:59:59,2018REG,7
1,2018,8,Week 8,Week 8,2018-10-24T00:00:00,2018-10-30T23:59:59,2018REG,8
1,2018,9,Week 9,Week 9,2018-10-31T00:00:00,2018-11-06T23:59:59,2018REG,9
1,2018,10,Week 10,Week 10,2018-11-07T00:00:00,2018-11-13T23:59:59,2018REG,10
1,2018,11,Week 11,Week 11,2018-11-14T00:00:00,2018-11-20T23:59:59,2018REG,11
1,2018,12,Week 12,Week 12,2018-11-21T00:00:00,2018-11-27T23:59:59,2018REG,12
1,2018,13,Week 13,Week 13,2018-11-28T00:00:00,2018-12-04T23:59:59,2018REG,13
1,2018,14,Week 14,Week 14,2018-12-05T00:00:00,2018-12-11T23:59:59,2018REG,14
1,2018,15,Week 15,Week 15,2018-12-12T00:00:00,2018-12-18T23:59:59,2018REG,15
1,2018,16,Week 16,Week 16,2018-12-19T00:00:00,2018-12-25T23:59:59,2018REG,16
1,2018,17,Week 17,Week 17,2018-12-26T00:00:00,2018-12-31T23:59:59,2018REG,17
3,2018,1,Wild Card Weekend,Wild Card,2019-01-01T00:00:00,2019-01-07T23:59:59,2018POST,1
3,2018,2,Divisional Playoffs,Divisional,2019-01-08T00:00:00,2019-01-14T23:59:59,2018POST,2
3,2018,3,Conference Championships,Conference,2019-01-15T00:00:00,2019-01-21T23:59:59,2018POST,3
5,2018,1,Pro Bowl,Pro Bowl,2019-01-22T00:00:00,2019-01-28T23:59:59,2018STAR,1
3,2018,4,Super Bowl,Super Bowl,2019-01-29T00:00:00,2019-02-14T23:59:59,2018POST,4
4,2018,,Scouting Combine,Combine,2019-02-15T00:00:00,2019-02-28T23:59:59,2018REG,
4,2019,,Free Agency,Free Agency,2019-03-01T00:00:00,2019-03-31T23:59:59,2019REG,
4,2019,,NFL Draft,NFL Draft,2019-04-01T00:00:00,2019-07-27T23:59:59,2019REG,
2,2019,0,Hall of Fame Weekend,HOF Weekend,2019-07-28T00:00:00,2019-08-02T23:59:59,2019PRE,0
2,2019,1,Preseason Week 1,Week 1,2019-08-03T00:00:00,2019-08-11T23:59:59,2019PRE,1
2,2019,2,Preseason Week 2,Week 2,2019-08-12T00:00:00,2019-08-20T23:59:59,2019PRE,2
2,2019,3,Preseason Week 3,Week 3,2019-08-21T00:00:00,2019-08-26T23:59:59,2019PRE,3
2,2019,4,Preseason Week 4,Week 4,2019-08-27T00:00:00,2019-08-30T23:59:59,2019PRE,4
1,2019,1,Week 1,Week 1,2019-08-31T00:00:00,2019-09-10T23:59:59,2019REG,1
1,2019,2,Week 2,Week 2,2019-09-11T00:00:00,2019-09-17T23:59:59,2019REG,2
1,2019,3,Week 3,Week 3,2019-09-18T00:00:00,2019-09-24T23:59:59,2019REG,3
1,2019,4,Week 4,Week 4,2019-09-25T00:00:00,2019-10-01T23:59:59,2019REG,4
1,2019,5,Week 5,Week 5,2019-10-02T00:00:00,2019-10-08T23:59:59,2019REG,5
1,2019,6,Week 6,Week 6,2019-10-09T00:00:00,2019-10-15T23:59:59,2019REG,6
1,2019,7,Week 7,Week 7,2019-10-16T00:00:00,2019-10-22T23:59:59,2019REG,7
1,2019,8,Week 8,Week 8,2019-10-23T00:00:00,2019-10-29T23:59:59,2019REG,8
1,2019,9,Week 9,Week 9,2019-10-30T00:00:00,2019-11-05T23:59:59,2019REG,9
1,2019,10,Week 10,Week 10,2019-11-06T00:00:00,2019-11-12T23:59:59,2019REG,10
1,2019,11,Week 11,Week 11,2019-11-13T00:00:00,2019-11-19T23:59:59,2019REG,11
1,2019,12,Week 12,Week 12,2019-11-20T00:00:00,2019-11-26T23:59:59,2019REG,12
1,2019,13,Week 13,Week 13,2019-11-27T00:00:00,2019-12-03T23:59:59,2019REG,13
1,2019,14,Week 14,Week 14,2019-12-04T00:00:00,2019-12-10T23:59:59,2019REG,14
1,2019,15,Week 15,Week 15,2019-12-11T00:00:00,2019-12-17T23:59:59,2019REG,15
1,2019,16,Week 16,Week 16,2019-12-18T00:00:00,2019-12-24T23:59:59,2019REG,16
1,2019,17,Week 17,Week 17,2019-12-25T00:00:00,2019-12-30T23:59:59,2019REG,17
3,2019,1,Wild Card Weekend,Wild Card,2019-12-31T00:00:00,2020-01-06T23:59:59,2019POST,1
3,2019,2,Divisional Playoffs,Divisional,2020-01-07T00:00:00,2020-01-13T23:59:59,2019POST,2
3,2019,3,Conference Championships,Conference,2020-01-14T00:00:00,2020-01-20T23:59:59,2019POST,3
5,2019,1,Pro Bowl,Pro Bowl,2020-01-21T00:00:00,2020-01-27T23:59:59,2019STAR,1
3,2019,4,Super Bowl,Super Bowl,2020-01-28T00:00:00,2020-02-14T23:59:59,2019POST,4
4,2019,,Scouting Combine,Combine,2020-02-15T00:00:00,2020-02-29T23:59:59,2019REG,
4,2020,,Free Agency,Free Agency,2020-03-01T00:00:00,2020-03-31T23:59:59,2020REG,
4,2020,,NFL Draft,NFL Draft,2020-04-01T00:00:00,2020-07-27T23:59:59,2020REG,
2,2020,0,Hall of Fame Weekend,HOF Weekend,2020-07-28T00:00:00,2020-08-07T23:59:59,2020PRE,0
2,2020,1,Preseason Week 1,Week 1,2020-08-08T00:00:00,2020-08-17T23:59:59,2020PRE,1
2,2020,2,Preseason Week 2,Week 2,2020-08-18T00:00:00,2020-08-25T23:59:59,2020PRE,2
2,2020,3,Preseason Week 3,Week 3,2020-08-26T00:00:00,2020-08-31T23:59:59,2020PRE,3
2,2020,4,Preseason Week 4,Week 4,2020-09-01T00:00:00,2020-09-04T23:59:59,2020PRE,4
1,2020,1,Week 1,Week 1,2020-09-05T00:00:00,2020-09-15T23:59:59,2020REG,1
1,2020,2,Week 2,Week 2,2020-09-16T00:00:00,2020-09-22T23:59:59,2020REG,2
1,2020,3,Week 3,Week 3,2020-09-23T00:00:00,2020-09-29T23:59:59,2020REG,3
1,2020,4,Week 4,Week 4,2020-09-30T00:00:00,2020-10-06T23:59:59,2020REG,4
1,2020,5,Week 5,Week 5,2020-10-07T00:00:00,2020-10-14T23:59:59,2020REG,5
1,2020,6,Week 6,Week 6,2020-10-15T00:00:00,2020-10-20T23:59:59,2020REG,6
1,2020,7,Week 7,Week 7,2020-10-21T00:00:00,2020-10-27T23:59:59,2020REG,7
1,2020,8,Week 8,Week 8,2020-10-28T00:00:00,2020-11-03T23:59:59,2020REG,8
1,2020,9,Week 9,Week 9,2020-11-04T00:00:00,2020-11-10T23:59:59,2020REG,9
1,2020,10,Week 10,Week 10,2020-11-11T00:00:00,2020-11-17T23:59:59,2020REG,10
1,2020,11,Week 11,Week 11,2020-11-18T00:00:00,2020-11-24T23:59:59,2020REG,11
1,2020,12,Week 12,Week 12,2020-11-25T00:00:00,2020-12-03T23:59:59,2020REG,12
1,2020,13,Week 13,Week 13,2020-12-04T00:00:00,2020-12-09T23:59:59,2020REG,13
1,2020,14,Week 14,Week 14,2020-12-10T00:00:00,2020-12-15T23:59:59,2020REG,14
1,2020,15,Week 15,Week 15,2020-12-16T00:00:00,2020-12-22T23:59:59,2020REG,15
1,2020,16,Week 16,Week 16,2020-12-23T00:00:00,2020-12-29T23:59:59,2020REG,16
1,2020,17,Week 17,Week 17,2020-12-30T00:00:00,2021-01-04T23:59:59,2020REG,17
3,2020,1,Wild Card Weekend,Wild Card,2021-01-05T00:00:00,2021-01-11T23:59:59,2020POST,1
3,2020,2,Divisional Playoffs,Divisional,2021-01-12T00:00:00,2021-01-18T23:59:59,2020POST,2
3,2020,3,Conference Championships,Conference,2021-01-19T00:00:00,2021-01-25T23:59:59,2020POST,3
5,2020,1,Pro Bowl,Pro Bowl,2021-01-26T00:00:00,2021-02-01T23:59:59,2020STAR,1
3,2020,4,Super Bowl,Super Bowl,2021-02-02T00:00:00,2021-02-14T23:59:59,2020POST,4
4,2020,,Scouting Combine,Combine,2021-02-15T00:00:00,2021-02-28T23:59:59,2020REG,
4,2021,,Free Agency,Free Agency,2021-03-01T00:00:00,2021-03-31T23:59:59,2021REG,
4,2021,,NFL Draft,NFL Draft,2021-04-01T00:00:00,2021-07-27T23:59:59,2021REG,
2,2021,0,Hall of Fame Weekend,HOF Weekend,2021-07-28T00:00:00,2021-08-06T23:59:59,2021PRE,0
2,2021,1,Preseason Week 1,Week 1,2021-08-07T00:00:00,2021-08-16T23:59:59,2021PRE,1
2,2021,2,Preseason Week 2,Week 2,2021-08-17T00:00:00,2021-08-24T23:59:59,2021PRE,2
2,2021,3,Preseason Week 3,Week 3,2021-08-25T00:00:00,2021-08-30T23:59:59,2021PRE,3
1,2021,1,Week 1,Week 1,2021-08-31T00:00:00,2021-09-14T23:59:59,2021REG,1
1,2021,2,Week 2,Week 2,2021-09-15T00:00:00,2021-09-21T23:59:59,2021REG,2
1,2021,3,Week 3,Week 3,2021-09-22T00:00:00,2021-09-28T23:59:59,2021REG,3
1,2021,4,Week 4,Week 4,2021-09-29T00:00:00,2021-10-05T23:59:59,2021REG,4
1,2021,5,Week 5,Week 5,2021-10-06T00:00:00,2021-10-12T23:59:59,2021REG,5
1,2021,6,Week 6,Week 6,2021-10-13T00:00:00,2021-10-19T23:59:59,2021REG,6
1,2021,7,Week 7,Week 7,2021-10-20T00:00:00,2021-10-26T23:59:59,2021REG,7
1,2021,8,Week 8,Week 8,2021-10-27T00:00:00,2021-11-02T23:59:59,2021REG,8
1,2021,9,Week 9,Week 9,2021-11-03T00:00:00,2021-11-09T23:59:59,2021REG,9
1,2021,10,Week 10,Week 10,2021-11-10T00:00:00,2021-11-16T23:59:59,2021REG,10
1,2021,11,Week 11,Week 11,2021-11-17T00:00:00,2021-11-23T23:59:59,2021REG,11
1,2021,12,Week 12,Week 12,2021-11-24T00:00:00,2021-11-30T23:59:59,2021REG,12
1,2021,13,Week 13,Week 13,2021-12-01T00:00:00,2021-12-07T23:59:59,2021REG,13
1,2021,14,Week 14,Week 14,2021-12-08T00:00:00,2021-12-14T23:59:59,2021REG,14
1,2021,15,Week 15,Week 15,2021-12-15T00:00:00,2021-12-22T23:59:59,2021REG,15
1,2021,16,Week 16,Week 16,2021-12-23T00:00:00,2021-12-28T23:59:59,2021REG,16
1,2021,17,Week 17,Week 17,2021-12-29T00:00:00,2022-01-04T23:59:59,2021REG,17
1,2021,18,Week 18,Week 18,2022-01-05T00:00:00,2022-01-10T23:59:59,2021REG,18
3,2021,1,Wild Card Weekend,Wild Card,2022-01-11T00:00:00,2022-01-18T23:59:59,2021POST,1
3,2021,2,Divisional Playoffs,Divisional,2022-01-19T00:00:00,2022-01-24T23:59:59,2021POST,2
3,2021,3,Conference Championships,Conference,2022-01-25T00:00:00,2022-01-31T23:59:59,2021POST,3
5,2021,1,Pro Bowl,Pro Bowl,2022-02-01T00:00:00,2022-02-07T23:59:59,2021STAR,1
3,2021,4,Super Bowl,Super Bowl,2022-02-08T00:00:00,2022-02-14T23:59:59,2021POST,4
4,2021,,Scouting Combine,Combine,2022-02-15T00:00:00,2022-02-28T23:59:59,2021REG,
4,2022,,Free Agency,Free Agency,2022-03-01T00:00:00,2022-03-31T23:59:59,2022REG,
4,2022,,NFL Draft,NFL Draft,2022-04-01T00:00:00,2022-07-27T23:59:59,2022REG,
2,2022,0,Hall of Fame Weekend,HOF Weekend,2022-07-28T00:00:00,2022-08-05T23:59:59,2022PRE,0
2,2022,1,Preseason Week 1,Week 1,2022-08-06T00:00:00,2022-08-15T23:59:59,2022PRE,1
2,2022,2,Preseason Week 2,Week 2,2022-08-16T00:00:00,2022-08-23T23:59:59,2022PRE,2
2,2022,3,Preseason Week 3,Week 3,2022-08-24T00:00:00,2022-08-29T23:59:59,2022PRE,3
1,2022,1,Week 1,Week 1,2022-08-30T00:00:00,2022-09-13T23:59:59,2022REG,1
1,2022,2,Week 2,Week 2,2022-09-14T00:00:00,2022-09-20T23:59:59,2022REG,2
1,2022,3,Week 3,Week 3,2022-09-21T00:00:00,2022-09-27T23:59:59,2022REG,3
1,2022,4,Week 4,Week 4,2022-09-28T00:00:00,2022-10-04T23:59:59,2022REG,4
1,2022,5,Week 5,Week 5,2022-10-05T00:00:00,2022-10-11T23:59:59,2022REG,5
1,2022,6,Week 6,Week 6,2022-10-12T00:00:00,2022-10-18T23:59:59,2022REG,6
1,2022,7,Week 7,Week 7,2022-10-19T00:00:00,2022-10-25T23:59:59,2022REG,7
1,2022,8,Week 8,Week 8,2022-10-26T00:00:00,2022-11-01T23:59:59,2022REG,8
1,2022,9,Week 9,Week 9,2022-11-02T00:00:00,2022-11-08T23:59:59,2022REG,9
1,2022,10,Week 10,Week 10,2022-11-09T00:00:00,2022-11-15T23:59:59,2022REG,10
1,2022,11,Week 11,Week 11,2022-11-16T00:00:00,2022-11-22T23:59:59,2022REG,11
1,2022,12,Week 12,Week 12,2022-11-23T00:00:00,2022-11-29T23:59:59,2022REG,12
1,2022,13,Week 13,Week 13,2022-11-30T00:00:00,2022-12-06T23:59:59,2022REG,13
1,2022,14,Week 14,Week 14,2022-12-07T00:00:00,2022-12-13T23:59:59,2022REG,14
1,2022,15,Week 15,Week 15,2022-12-14T00:00:00,2022-12-20T23:59:59,2022REG,15
1,2022,16,Week 16,Week 16,2022-12-21T00:00:00,2022-12-27T23:59:59,2022REG,16
1,2022,17,Week 17,Week 17,2022-12-28T00:00:00,2023-01-03T23:59:59,2022REG,17
1,2022,18,Week 18,Week 18,2023-01-04T00:00:00,2023-01-09T23:59:59,2022REG,18
3,2022,1,Wild Card Weekend,Wild Card,2023-01-10T00:00:00,2023-01-17T23:59:59,2022POST,1
3,2022,2,Divisional Playoffs,Divisional,2023-01-18T00:00:00,2023-01-23T23:59:59,2022POST,2
3,2022,3,Conference Championships,Conference,2023-01-24T00:00:00,2023-01-30T23:59:59,2022POST,3
5,2022,1,Pro Bowl,Pro Bowl,2023-01-31T00:00:00,2023-02-06T23:59:59,2022STAR,1
3,2022,4,Super Bowl,Super Bowl,2023-02-07T00:00:00,2023-02-14T23:59:59,2022POST,4
4,2022,,Scouting Combine,Combine,2023-02-15T00:00:00,2023-02-28T23:59:59,2022REG,
4,2023,,Free Agency,Free Agency,2023-03-01T00:00:00,2023-03-31T23:59:59,2023REG,
4,2023,,NFL Draft,NFL Draft,2023-04-01T00:00:00,2023-07-27T23:59:59,2023REG,
2,2023,0,Hall of Fame Weekend,HOF Weekend,2023-07-28T00:00:00,2023-08-04T23:59:59,2023PRE,0
2,2023,1,Preseason Week 1,Week 1,2023-08-05T00:00:00,2023-08-14T23:59:59,2023PRE,1
2,2023,2,Preseason Week 2,Week 2,2023-08-15T00:00:00,2023-08-22T23:59:59,2023PRE,2
2,2023,3,Preseason Week 3,Week 3,2023-08-23T00:00:00,2023-08-28T23:59:59,2023PRE,3
1,2023,1,Week 1,Week 1,2023-08-29T00:00:00,2023-09-12T23:59:59,2023REG,1
1,2023,2,Week 2,Week 2,2023-09-13T00:00:00,2023-09-19T23:59:59,2023REG,2
1,2023,3,Week 3,Week 3,2023-09-20T00:00:00,2023-09-26T23:59:59,2023REG,3
1,2023,4,Week 4,Week 4,2023-09-27T00:00:00,2023-10-03T23:59:59,2023REG,4
1,2023,5,Week 5,Week 5,2023-10-04T00:00:00,2023-10-10T23:59:59,2023REG,5
1,2023,6,Week 6,Week 6,2023-10-11T00:00:00,2023-10-17T23:59:59,2023REG,6
1,2023,7,Week 7,Week 7,2023-10-18T00:00:00,2023-10-24T23:59:59,2023REG,7
1,2023,8,Week 8,Week 8,2023-10-25T00:00:00,2023-10-31T23:59:59,2023REG,8
1,2023,9,Week 9,Week 9,2023-11-01T00:00:00,2023-11-07T23:59:59,2023REG,9
1,2023,10,Week 10,Week 10,2023-11-08T00:00:00,2023-11-14T23:59:59,2023REG,10
1,2023,11,Week 11,Week 11,2023-11-15T00:00:00,2023-11-21T23:59:59,2023REG,11
1,2023,12,Week 12,Week 12,2023-11-22T00:00:00,2023-11-28T23:59:59,2023REG,12
1,2023,13,Week 13,Week 13,2023-11-29T00:00:00,2023-12-05T23:59:59,2023REG,13
1,2023,14,Week 14,Week 14,2023-12-06T00:00:00,2023-12-12T23:59:59,2023REG,14
1,2023,15,Week 15,Week 15,2023-12-13T00:00:00,2023-12-19T23:59:59,2023REG,15
1,2023,16,Week 16,Week 16,2023-12-20T00:00:00,2023-12-26T23:59:59,2023REG,16
1,2023,17,Week 17,Week 17,2023-12-27T00:00:00,2024-01-01T23:59:59,2023REG,17
1,2023,18,Week 18,Week 18,2024-01-02T00:00:00,2024-01-08T23:59:59,2023REG,18
3,2023,1,Wild Card Weekend,Wild Card,2024-01-09T00:00:00,2024-01-16T23:59:59,2023POST,1
3,2023,2,Divisional Playoffs,Divisional,2024-01-17T00:00:00,2024-01-22T23:59:59,2023POST,2
3,2023,3,Conference Championships,Conference,2024-01-23T00:00:00,2024-01-29T23:59:59,2023POST,3
5,2023,1,Pro Bowl,Pro Bowl,2024-01-30T00:00:00,2024-02-05T23:59:59,2023STAR,1
3,2023,4,Super Bowl,Super Bowl,2024-02-06T00:00:00,2024-02-14T23:59:59,2023POST,4
4,2023,,Scouting Combine,Combine,2024-02-15T00:00:00,2024-02-29T23:59:59,2023REG,
4,2024,,Free Agency,Free Agency,2024-03-01T00:00:00,2024-03-31T23:59:59,2024REG,
4,2024,,NFL Draft,NFL Draft,2024-04-01T00:00:00,2024-07-27T23:59:59,2024REG,
2,2024,0,Hall of Fame Weekend,HOF Weekend,2024-07-28T00:00:00,2024-08-02T23:59:59,2024PRE,0
2,2024,1,Preseason Week 1,Week 1,2024-08-03T00:00:00,2024-08-12T23:59:59,2024PRE,1
2,2024,2,Preseason Week 2,Week 2,2024-08-13T00:00:00,2024-08-19T23:59:59,2024PRE,2
2,2024,3,Preseason Week 3,Week 3,2024-08-20T00:00:00,2024-08-26T23:59:59,2024PRE,3
1,2024,1,Week 1,Week 1,2024-08-27T00:00:00,2024-09-10T23:59:59,2024REG,1
1,2024,2,Week 2,Week 2,2024-09-11T00:00:00,2024-09-17T23:59:59,2024REG,2
1,2024,3,Week 3,Week 3,2024-09-18T00:00:00,2024-09-24T23:59:59,2024REG,3
1,2024,4,Week 4,Week 4,2024-09-25T00:00:00,2024-10-01T23:59:59,2024REG,4
1,2024,5,Week 5,Week 5,2024-10-02T00:00:00,2024-10-08T23:59:59,2024REG,5
1,2024,6,Week 6,Week 6,2024-10-09T00:00:00,2024-10-15T23:59:59,2024REG,6
1,2024,7,Week 7,Week 7,2024-10-16T00:00:00,2024-10-22T23:59:59,2024REG,7
1,2024,8,Week 8,Week 8,2024-10-23T00:00:00,2024-10-29T23:59:59,2024REG,8
1,2024,9,Week 9,Week 9,2024-10-30T00:00:00,2024-11-05T23:59:59,2024REG,9
1,2024,10,Week 10,Week 10,2024-11-06T00:00:00,2024-11-12T23:59:59,2024REG,10
1,2024,11,Week 11,Week 11,2024-11-13T00:00:00,2024-11-19T23:59:59,2024REG,11
1,2024,12,Week 12,Week 12,2024-11-20T00:00:00,2024-11-26T23:59:59,2024REG,12
1,2024,13,Week 13,Week 13,2024-11-27T00:00:00,2024-12-03T23:59:59,2024REG,13
1,2024,14,Week 14,Week 14,2024-12-04T00:00:00,2024-12-10T23:59:59,2024REG,14
1,2024,15,Week 15,Week 15,2024-12-11T00:00:00,2024-12-17T23:59:59,2024REG,15
1,2024,16,Week 16,Week 16,2024-12-18T00:00:00,2024-12-24T23:59:59,2024REG,16
1,2024,17,Week 17,Week 17,2024-12-25T00:00:00,2024-12-31T23:59:59,2024REG,17
1,2024,18,Week 18,Week 18,2025-01-01T00:00:00,2025-01-06T23:59:59,2024REG,18
3,2024,1,Wild Card Weekend,Wild Card,2025-01-07T00:00:00,2025-01-14T23:59:59,2024POST,1
3,2024,2,Divisional Playoffs,Divisional,2025-01-15T00:00:00,2025-01-20T23:59:59,2024POST,2
3,2024,3,Conference Championships,Conference,2025-01-21T00:00:00,2025-01-27T23:59:59,2024POST,3
5,2024,1,Pro Bowl,Pro Bowl,2025-01-28T00:00:00,2025-02-03T23:59:59,2024STAR,1
3,2024,4,Super Bowl,Super Bowl,2025-02-04T00:00:00,2025-02-14T23:59:59,2024POST,4
4,2024,,Scouting Combine,Combine,2025-02-15T00:00:00,2025-02-28T23:59:59,2024REG,
4,2025,,Free Agency,Free Agency,2025-03-01T00:00:00,2025-03-31T23:59:59,2025REG,
4,2025,,NFL Draft,NFL Draft,2025-04-01T00:00:00,2025-07-26T23:59:59,2025REG,
2,2025,0,Hall of Fame Weekend,HOF Weekend,2025-07-27T00:00:00,2025-08-01T23:59:59,2025PRE,0
2,2025,1,Preseason Week 1,Week 1,2025-08-02T00:00:00,2025-08-11T23:59:59,2025PRE,1
2,2025,2,Preseason Week 2,Week 2,2025-08-12T00:00:00,2025-08-19T23:59:59,2025PRE,2
2,2025,3,Preseason Week 3,Week 3,2025-08-20T00:00:00,2025-08-25T23:59:59,2025PRE,3
1,2025,1,Week 1,Week 1,2025-08-26T00:00:00,2025-09-09T23:59:59,2025REG,1
1,2025,2,Week 2,Week 2,2025-09-10T00:00:00,2025-09-16T23:59:59,2025REG,2
1,2025,3,Week 3,Week 3,2025-09-17T00:00:00,2025-09-23T23:59:59,2025REG,3
1,2025,4,Week 4,Week 4,2025-09-24T00:00:00,2025-09-30T23:59:59,2025REG,4
1,2025,5,Week 5,Week 5,2025-10-01T00:00:00,2025-10-07T23:59:59,2025REG,5
1,2025,6,Week 6,Week 6,2025-10-08T00:00:00,2025-10-14T23:59:59,2025REG,6
1,2025,7,Week 7,Week 7,2025-10-15T00:00:00,2025-10-21T23:59:59,2025REG,7
1,2025,8,Week 8,Week 8,2025-10-22T00:00:00,2025-10-28T23:59:59,2025REG,8
1,2025,9,Week 9,Week 9,2025-10-29T00:00:00,2025-11-04T23:59:59,2025REG,9
1,2025,10,Week 10,Week 10,2025-11-05T00:00:00,2025-11-11T23:59:59,2025REG,10
1,2025,11,Week 11,Week 11,2025-11-12T00:00:00,2025-11-18T23:59:59,2025REG,11
1,2025,12,Week 12,Week 12,2025-11-19T00:00:00,2025-11-25T23:59:59,2025REG,12
1,2025,13,Week 13,Week 13,2025-11-26T00:00:00,2025-12-02T23:59:59,2025REG,13
1,2025,14,Week 14,Week 14,2025-12-03T00:00:00,2025-12-09T23:59:59,2025REG,14
1,2025,15,Week 15,Week 15,2025-12-10T00:00:00,2025-12-16T23:59:59,2025REG,15
1,2025,16,Week 16,Week 16,2025-12-17T00:00:00,2025-12-23T23:59:59,2025REG,16
1,2025,17,Week 17,Week 17,2025-12-24T00:00:00,2025-12-30T23:59:59,2025REG,17
1,2025,18,Week 18,Week 18,2025-12-31T00:00:00,2026-01-05T23:59:59,2025REG,18
3,2025,1,Wild Card Weekend,Wild Card,2026-01-06T00:00:00,2026-01-13T23:59:59,2025POST,1
3,2025,2,Divisional Playoffs,Divisional,2026-01-14T00:00:00,2026-01-19T23:59:59,2025POST,2
3,2025,3,Conference Championships,Conference,2026-01-20T00:00:00,2026-01-26T23:59:59,2025POST,3
5,2025,1,Pro Bowl,Pro Bowl,2026-01-27T00:00:00,2026-02-02T23:59:59,2025STAR,1
3,2025,4,Super Bowl,Super Bowl,2026-02-03T00:00:00,2026-02-14T23:59:59,2025POST,4
4,2025,,Scouting Combine,Combine,2026-02-15T00:00:00,2026-05-15T00:00:00,2025REG,
